Rank,Name,Points,Country
1,Not Available,"11,330",ita
2,Not Available,"7,945",ger
3,Not Available,"6,910",esp
4,Not Available,"4,900",usa
5,Not Available,"3,860",srb
6,Not Available,"3,855",nor
7,Not Available,"3,800",gbr
8,Not Available,"3,680",rus
9,Not Available,"3,440",rus
10,Not Available,"3,405",gre
11,Not Available,"3,335",aus
12,Not Available,"3,270",den
13,Not Available,"3,030",usa
14,Not Available,"2,980",usa
15,Not Available,"2,745",bul
16,Not Available,"2,650",ita
17,Not Available,"2,485",usa
18,Not Available,"2,480",fra
19,Not Available,"2,415",can
20,Not Available,"2,375",fra
21,Not Available,"2,310",cze
22,Not Available,"2,205",pol
23,Not Available,"2,000",rus
24,Not Available,"1,925",arg
25,Not Available,"1,860",usa
26,Not Available,"1,800",aus
27,Not Available,"1,745",cze
28,Not Available,"1,716",can
29,Not Available,"1,656",fra
30,Not Available,"1,580",ita
31,Not Available,"1,555",chi
32,Not Available,"1,500",usa
33,Not Available,"1,465",usa
34,Not Available,"1,420",ned
35,Not Available,"1,410",ita
36,Not Available,"1,385",arg
37,Not Available,"1,375",aus
38,Not Available,"1,356",ita
39,Not Available,"1,325",esp
40,Not Available,"1,295",esp
41,Not Available,"1,287",fra
42,Not Available,"1,280",por
43,Not Available,"1,280",ita
44,Not Available,"1,275",arg
45,Not Available,"1,240",usa
46,Not Available,"1,230",fra
47,Not Available,"1,165",chi
48,Not Available,"1,161",srb
49,Not Available,"1,160",ger
50,Not Available,"1,089",esp
51,Not Available,"1,065",bel
52,Not Available,"1,055",chn
53,Not Available,"1,051",esp
54,Not Available,"1,042",cze
55,Not Available,"1,003",bel
56,Not Available,992,esp
57,Not Available,981,fra
58,Not Available,975,chn
59,Not Available,965,hun
60,Not Available,955,bra
61,Not Available,945,ita
62,Not Available,925,arg
63,Not Available,920,fra
64,Not Available,873,jpn
65,Not Available,870,arg
66,Not Available,867,usa
67,Not Available,866,arg
68,Not Available,859,jpn
69,Not Available,855,chn
70,Not Available,852,bih
71,Not Available,851,rus
72,Not Available,838,ita
73,Not Available,829,srb
74,Not Available,821,fra
75,Not Available,821,srb
76,Not Available,814,fra
77,Not Available,814,aus
78,Not Available,805,aus
79,Not Available,800,usa
80,Not Available,785,kaz
81,Not Available,784,gbr
82,Not Available,783,ger
83,Not Available,770,gbr
84,Not Available,762,ita
85,Not Available,760,ned
86,Not Available,752,aus
87,Not Available,730,can
88,Not Available,711,fra
89,Not Available,666,aus
90,Not Available,666,hun
91,Not Available,652,bel
92,Not Available,649,por
93,Not Available,648,aus
94,Not Available,646,ita
95,Not Available,638,aus
96,Not Available,617,bra
97,Not Available,607,ita
98,Not Available,598,kaz
99,Not Available,590,bra
100,Not Available,585,usa
101,Not Available,575,usa
102,Not Available,573,rus
103,Not Available,566,bol
104,Not Available,563,usa
105,Not Available,562,ned
106,Not Available,559,fra
107,Not Available,558,gbr
108,Not Available,555,srb
109,Not Available,554,esp
110,Not Available,532,col
111,Not Available,531,usa
112,Not Available,530,cro
113,Not Available,529,ger
114,Not Available,529,usa
115,Not Available,529,tpe
116,Not Available,528,usa
117,Not Available,512,arg
118,Not Available,508,fra
119,Not Available,485,jpn
120,Not Available,482,pol
121,Not Available,482,fra
122,Not Available,481,cze
123,Not Available,468,usa
124,Not Available,466,arg
125,Not Available,466,sui
126,Not Available,461,arg
127,Not Available,460,svk
128,Not Available,456,aus
129,Not Available,450,aus
130,Not Available,449,sui
131,Not Available,448,aut
132,Not Available,445,fra
133,Not Available,440,fin
134,Not Available,434,usa
135,Not Available,432,usa
136,Not Available,431,chi
137,Not Available,430,arg
138,Not Available,429,arg
139,Not Available,428,ind
140,Not Available,423,arg
141,Not Available,416,usa
142,Not Available,416,rsa
143,Not Available,413,cro
144,Not Available,412,geo
145,Not Available,411,fra
146,Not Available,411,esp
147,Not Available,398,ger
148,Not Available,398,fra
149,Not Available,388,chi
150,Not Available,383,fra
151,Not Available,376,fra
152,Not Available,375,bra
153,Not Available,375,esp
154,Not Available,375,jpn
155,Not Available,374,jpn
156,Not Available,370,den
157,Not Available,367,fra
158,Not Available,360,fra
159,Not Available,359,can
160,Not Available,358,kaz
161,Not Available,358,por
162,Not Available,356,arg
163,Not Available,354,bel
164,Not Available,354,arg
165,Not Available,351,cze
166,Not Available,350,svk
167,Not Available,345,cro
168,Not Available,339,sui
169,Not Available,337,fra
170,Not Available,332,esp
171,Not Available,331,aus
172,Not Available,330,sui
173,Not Available,330,rus
174,Not Available,329,fra
175,Not Available,328,kaz
176,Not Available,320,bra
177,Not Available,320,lbn
178,Not Available,319,gbr
179,Not Available,318,can
180,Not Available,317,fra
181,Not Available,317,jpn
182,Not Available,312,hkg
183,Not Available,311,gbr
184,Not Available,310,aus
185,Not Available,306,ita
186,Not Available,306,arg
187,Not Available,306,par
188,Not Available,304,jpn
189,Not Available,303,mda
190,Not Available,302,col
191,Not Available,299,fra
192,Not Available,297,aus
193,Not Available,297,fra
194,Not Available,295,ltu
195,Not Available,292,rus
196,Not Available,291,jpn
197,Not Available,290,aut
198,Not Available,290,arg
199,Not Available,289,ned
200,Not Available,287,den
201,Not Available,285,ltu
202,Not Available,284,usa
203,Not Available,284,usa
204,Not Available,283,fra
205,Not Available,282,est
206,Not Available,277,tun
207,Not Available,277,lbn
208,Not Available,276,ger
209,Not Available,273,aut
210,Not Available,271,ger
211,Not Available,270,bel
212,Not Available,265,fra
213,Not Available,265,fra
214,Not Available,264,jpn
215,Not Available,263,kaz
216,Not Available,261,per
217,Not Available,260,gbr
218,Not Available,258,fin
219,Not Available,258,aus
220,Not Available,257,ita
221,Not Available,256,uzb
222,Not Available,256,bol
223,Not Available,252,usa
224,Not Available,250,pol
225,Not Available,249,esp
226,Not Available,245,tpe
227,Not Available,245,jpn
228,Not Available,240,esp
229,Not Available,240,mex
230,Not Available,238,tpe
231,Not Available,236,bul
232,Not Available,235,kor
233,Not Available,235,fra
234,Not Available,234,aus
235,Not Available,231,usa
236,Not Available,231,per
237,Not Available,230,cze
238,Not Available,229,ita
239,Not Available,229,fra
240,Not Available,229,ger
241,Not Available,227,rou
242,Not Available,226,chn
243,Not Available,226,esp
244,Not Available,225,chi
245,Not Available,225,kaz
246,Not Available,224,aut
247,Not Available,224,dom
248,Not Available,224,nor
249,Not Available,221,usa
250,Not Available,220,por
251,Not Available,219,ita
252,Not Available,219,esp
253,Not Available,219,fra
254,Not Available,216,ecu
255,Not Available,216,esp
256,Not Available,215,lux
257,Not Available,215,ecu
258,Not Available,215,kaz
259,Not Available,213,ned
260,Not Available,213,ven
261,Not Available,212,swe
262,Not Available,211,fra
263,Not Available,210,ita
264,Not Available,210,per
265,Not Available,208,mon
266,Not Available,203,hun
267,Not Available,203,esp
268,Not Available,203,fra
269,Not Available,203,ita
270,Not Available,201,jor
271,Not Available,201,fra
272,Not Available,199,sui
273,Not Available,197,rus
274,Not Available,197,arg
275,Not Available,195,bra
276,Not Available,193,ned
277,Not Available,192,chn
278,Not Available,190,fra
279,Not Available,190,bul
280,Not Available,190,ita
281,Not Available,189,ita
282,Not Available,188,rus
283,Not Available,188,usa
284,Not Available,187,fra
285,Not Available,187,sui
286,Not Available,186,arg
287,Not Available,186,usa
288,Not Available,186,gbr
289,Not Available,186,ger
290,Not Available,184,fra
291,Not Available,183,ned
292,Not Available,181,bra
293,Not Available,180,sui
294,Not Available,179,cro
295,Not Available,179,cro
296,Not Available,177,svk
297,Not Available,177,ger
298,Not Available,177,gbr
299,Not Available,177,aus
300,Not Available,175,ltu
301,Not Available,174,fra
302,Not Available,174,bol
303,Not Available,174,bel
304,Not Available,173,esp
305,Not Available,173,fra
306,Not Available,172,nor
307,Not Available,172,arg
308,Not Available,170,ukr
309,Not Available,170,aut
310,Not Available,170,arg
311,Not Available,169,gbr
312,Not Available,168,fra
313,Not Available,168,chn
314,Not Available,168,ita
315,Not Available,167,ita
316,Not Available,167,tur
317,Not Available,166,sui
318,Not Available,166,rus
319,Not Available,164,rus
320,Not Available,163,ukr
321,Not Available,162,bra
322,Not Available,161,usa
323,Not Available,161,ger
324,Not Available,160,arg
325,Not Available,159,bel
326,Not Available,159,usa
327,Not Available,159,fra
328,Not Available,158,ita
329,Not Available,158,zim
330,Not Available,157,jpn
331,Not Available,157,civ
332,Not Available,157,por
333,Not Available,156,svk
334,Not Available,156,esp
335,Not Available,156,fra
336,Not Available,156,esp
337,Not Available,154,aut
338,Not Available,154,jpn
339,Not Available,153,ger
340,Not Available,152,sui
341,Not Available,151,ita
342,Not Available,150,esp
343,Not Available,149,arg
344,Not Available,148,pol
345,Not Available,148,bra
346,Not Available,147,cro
347,Not Available,146,ita
348,Not Available,146,col
349,Not Available,146,esp
350,Not Available,145,ita
351,Not Available,145,bra
352,Not Available,144,aus
353,Not Available,144,ger
354,Not Available,144,ger
355,Not Available,144,cze
356,Not Available,143,rou
357,Not Available,143,ita
358,Not Available,142,gbr
359,Not Available,141,gbr
360,Not Available,141,cro
361,Not Available,141,usa
362,Not Available,140,jpn
363,Not Available,139,fra
364,Not Available,139,rou
365,Not Available,138,rus
366,Not Available,138,rsa
367,Not Available,137,gbr
368,Not Available,137,jpn
369,Not Available,136,chn
370,Not Available,136,aus
371,Not Available,136,cze
372,Not Available,135,kor
373,Not Available,135,arg
374,Not Available,134,rsa
375,Not Available,134,uru
376,Not Available,133,ukr
377,Not Available,133,lat
378,Not Available,133,arg
379,Not Available,131,rou
380,Not Available,130,bra
381,Not Available,130,ita
382,Not Available,128,gbr
383,Not Available,128,usa
384,Not Available,128,aut
385,Not Available,127,usa
386,Not Available,126,esp
387,Not Available,126,rus
388,Not Available,125,ita
389,Not Available,124,aus
390,Not Available,123,gbr
391,Not Available,122,usa
392,Not Available,122,usa
393,Not Available,122,aus
394,Not Available,121,blr
395,Not Available,121,est
396,Not Available,121,kor
397,Not Available,120,arg
398,Not Available,120,fra
399,Not Available,120,cze
400,Not Available,119,arg
401,Not Available,119,svk
402,Not Available,119,ned
403,Not Available,119,aus
404,Not Available,118,ger
405,Not Available,118,tha
406,Not Available,118,cze
407,Not Available,117,gbr
408,Not Available,117,usa
409,Not Available,117,esp
410,Not Available,117,arg
411,Not Available,117,arg
412,Not Available,116,gbr
413,Not Available,116,usa
414,Not Available,116,bih
415,Not Available,116,por
416,Not Available,115,ita
417,Not Available,115,ita
418,Not Available,114,bel
419,Not Available,114,rus
420,Not Available,114,ukr
421,Not Available,113,chn
422,Not Available,113,arg
423,Not Available,113,rus
424,Not Available,113,usa
425,Not Available,112,usa
426,Not Available,111,cro
427,Not Available,111,gbr
428,Not Available,111,usa
429,Not Available,111,ita
430,Not Available,110,esp
431,Not Available,110,aut
432,Not Available,109,ita
433,Not Available,109,svk
434,Not Available,108,esp
435,Not Available,108,fra
436,Not Available,108,svk
437,Not Available,108,jpn
438,Not Available,107,gbr
439,Not Available,106,ger
440,Not Available,106,ita
441,Not Available,105,ita
442,Not Available,104,geo
443,Not Available,102,cze
444,Not Available,102,ind
445,Not Available,102,srb
446,Not Available,101,fra
447,Not Available,100,can
448,Not Available,100,bul
449,Not Available,99,bra
450,Not Available,98,dom
451,Not Available,97,ind
452,Not Available,97,ita
453,Not Available,97,mex
454,Not Available,97,slo
455,Not Available,97,gre
456,Not Available,96,ger
457,Not Available,96,ned
458,Not Available,96,jpn
459,Not Available,96,ger
460,Not Available,95,ita
461,Not Available,95,fra
462,Not Available,94,por
463,Not Available,92,fra
464,Not Available,92,gbr
465,Not Available,92,rus
466,Not Available,91,arg
467,Not Available,90,nzl
468,Not Available,89,usa
469,Not Available,89,dom
470,Not Available,88,gbr
471,Not Available,88,arg
472,Not Available,88,geo
473,Not Available,87,bra
474,Not Available,87,can
475,Not Available,87,rus
476,Not Available,87,aus
477,Not Available,86,rou
478,Not Available,86,ita
479,Not Available,85,aut
480,Not Available,85,ger
481,Not Available,85,usa
482,Not Available,85,aus
483,Not Available,85,arg
484,Not Available,85,ita
485,Not Available,84,usa
486,Not Available,84,ita
487,Not Available,84,can
488,Not Available,84,pol
489,Not Available,84,esp
490,Not Available,84,ind
491,Not Available,83,arg
492,Not Available,83,swe
493,Not Available,82,gbr
494,Not Available,82,usa
495,Not Available,82,tun
496,Not Available,82,por
497,Not Available,81,tur
498,Not Available,81,irl
499,Not Available,81,fra
500,Not Available,80,cze
501,Not Available,80,fra
502,Not Available,80,ger
503,Not Available,79,ger
504,Not Available,79,fra
505,Not Available,79,ukr
506,Not Available,78,cze
507,Not Available,78,esp
508,Not Available,78,usa
509,Not Available,78,usa
510,Not Available,78,ukr
511,Not Available,77,fra
512,Not Available,76,egy
513,Not Available,76,bra
514,Not Available,76,nzl
515,Not Available,76,bel
516,Not Available,76,cze
517,Not Available,76,hun
518,Not Available,75,bih
519,Not Available,75,jpn
520,Not Available,75,ita
521,Not Available,74,usa
522,Not Available,74,ita
523,Not Available,74,ita
524,Not Available,73,esp
525,Not Available,72,ita
526,Not Available,72,usa
527,Not Available,72,rou
528,Not Available,72,rus
529,Not Available,72,rus
530,Not Available,72,bra
531,Not Available,72,ukr
532,Not Available,71,chn
533,Not Available,71,usa
534,Not Available,71,ita
535,Not Available,71,cze
536,Not Available,70,gbr
537,Not Available,70,bul
538,Not Available,69,sui
539,Not Available,69,usa
540,Not Available,69,ukr
541,Not Available,69,usa
542,Not Available,68,jpn
543,Not Available,68,uzb
544,Not Available,67,usa
545,Not Available,67,fra
546,Not Available,67,jpn
547,Not Available,66,den
548,Not Available,66,jpn
549,Not Available,66,fra
550,Not Available,66,ned
551,Not Available,66,kor
552,Not Available,65,por
553,Not Available,65,syr
554,Not Available,65,fra
555,Not Available,65,bih
556,Not Available,65,ger
557,Not Available,65,ger
558,Not Available,64,ukr
559,Not Available,64,usa
560,Not Available,64,esp
561,Not Available,64,arg
562,Not Available,64,ita
563,Not Available,63,usa
564,Not Available,63,ita
565,Not Available,63,fra
566,Not Available,62,arg
567,Not Available,62,ind
568,Not Available,62,fra
569,Not Available,62,fin
570,Not Available,62,ned
571,Not Available,61,isr
572,Not Available,61,jpn
573,Not Available,61,arg
574,Not Available,61,pol
575,Not Available,61,esp
576,Not Available,61,arg
577,Not Available,60,can
578,Not Available,60,tur
579,Not Available,60,rsa
580,Not Available,60,aus
581,Not Available,60,arg
582,Not Available,59,usa
583,Not Available,59,ita
584,Not Available,59,bul
585,Not Available,59,fra
586,Not Available,58,fra
587,Not Available,58,chn
588,Not Available,58,jpn
589,Not Available,58,fra
590,Not Available,58,arg
591,Not Available,58,ukr
592,Not Available,57,usa
593,Not Available,57,gbr
594,Not Available,57,gre
595,Not Available,57,mex
596,Not Available,57,tur
597,Not Available,57,esp
598,Not Available,56,bra
599,Not Available,56,mda
600,Not Available,56,esp
601,Not Available,56,blr
602,Not Available,54,gbr
603,Not Available,54,mar
604,Not Available,54,usa
605,Not Available,54,srb
606,Not Available,54,ind
607,Not Available,54,ger
608,Not Available,54,pol
609,Not Available,53,isr
610,Not Available,53,aus
611,Not Available,53,jpn
612,Not Available,53,fra
613,Not Available,53,ger
614,Not Available,53,fra
615,Not Available,52,cro
616,Not Available,52,gbr
617,Not Available,52,kor
618,Not Available,52,cze
619,Not Available,52,mas
620,Not Available,52,usa
621,Not Available,51,rou
622,Not Available,51,bel
623,Not Available,51,ger
624,Not Available,51,gbr
625,Not Available,51,fra
626,Not Available,50,rus
627,Not Available,50,usa
628,Not Available,50,bra
629,Not Available,50,usa
630,Not Available,50,usa
631,Not Available,50,jpn
632,Not Available,50,gbr
633,Not Available,50,rou
634,Not Available,49,usa
635,Not Available,49,aut
636,Not Available,49,sui
637,Not Available,48,rus
638,Not Available,48,swe
639,Not Available,48,ger
640,Not Available,48,rus
641,Not Available,48,ger
642,Not Available,48,fra
643,Not Available,48,esp
644,Not Available,48,ita
645,Not Available,47,svk
646,Not Available,47,fra
647,Not Available,47,sui
648,Not Available,47,bra
649,Not Available,47,ita
650,Not Available,47,rus
651,Not Available,47,tha
652,Not Available,47,bel
653,Not Available,47,jpn
654,Not Available,46,col
655,Not Available,46,jpn
656,Not Available,46,bul
657,Not Available,46,gbr
658,Not Available,46,jpn
659,Not Available,46,srb
660,Not Available,46,arg
661,Not Available,45,cze
662,Not Available,45,blr
663,Not Available,45,aut
664,Not Available,45,ned
665,Not Available,45,aus
666,Not Available,45,bel
667,Not Available,45,fra
668,Not Available,45,usa
669,Not Available,45,arg
670,Not Available,45,ita
671,Not Available,44,usa
672,Not Available,44,esp
673,Not Available,44,usa
674,Not Available,44,esp
675,Not Available,44,ger
676,Not Available,43,kor
677,Not Available,43,usa
678,Not Available,43,usa
679,Not Available,43,sui
680,Not Available,43,fra
681,Not Available,43,jpn
682,Not Available,43,ukr
683,Not Available,43,rus
684,Not Available,42,ita
685,Not Available,42,usa
686,Not Available,42,arg
687,Not Available,42,bel
688,Not Available,41,esp
689,Not Available,41,egy
690,Not Available,41,tun
691,Not Available,41,alg
692,Not Available,40,usa
693,Not Available,40,usa
694,Not Available,40,usa
695,Not Available,40,fra
696,Not Available,40,nmi
697,Not Available,40,mar
698,Not Available,40,ita
699,Not Available,40,fra
700,Not Available,40,tha
701,Not Available,39,rsa
702,Not Available,39,ita
703,Not Available,39,chn
704,Not Available,39,tha
705,Not Available,39,tpe
706,Not Available,39,rus
707,Not Available,38,aut
708,Not Available,38,gbr
709,Not Available,38,ger
710,Not Available,38,esp
711,Not Available,38,bra
712,Not Available,38,ger
713,Not Available,38,ger
714,Not Available,38,usa
715,Not Available,37,arg
716,Not Available,37,kor
717,Not Available,37,usa
718,Not Available,37,isr
719,Not Available,37,arg
720,Not Available,37,usa
721,Not Available,37,esp
722,Not Available,36,srb
723,Not Available,36,fra
724,Not Available,36,col
725,Not Available,36,ita
726,Not Available,36,lux
727,Not Available,35,usa
728,Not Available,35,lat
729,Not Available,35,ger
730,Not Available,35,gbr
731,Not Available,35,ita
732,Not Available,34,usa
733,Not Available,34,chn
734,Not Available,34,ita
735,Not Available,34,usa
736,Not Available,34,bra
737,Not Available,34,ita
738,Not Available,34,jpn
739,Not Available,34,chi
740,Not Available,34,geo
741,Not Available,33,usa
742,Not Available,33,gbr
743,Not Available,33,ita
744,Not Available,33,vie
745,Not Available,33,slo
746,Not Available,33,rus
747,Not Available,33,rou
748,Not Available,33,sui
749,Not Available,33,fra
750,Not Available,33,pol
751,Not Available,33,esp
752,Not Available,33,usa
753,Not Available,33,egy
754,Not Available,32,swe
755,Not Available,32,fra
756,Not Available,32,rou
757,Not Available,32,mex
758,Not Available,32,swe
759,Not Available,32,usa
760,Not Available,32,jpn
761,Not Available,32,ita
762,Not Available,31,rsa
763,Not Available,31,blr
764,Not Available,31,arg
765,Not Available,31,kor
766,Not Available,31,ita
767,Not Available,31,usa
768,Not Available,31,nzl
769,Not Available,31,usa
770,Not Available,31,fra
771,Not Available,31,ger
772,Not Available,31,fra
773,Not Available,31,ind
774,Not Available,31,usa
775,Not Available,31,rou
776,Not Available,30,usa
777,Not Available,30,srb
778,Not Available,30,fra
779,Not Available,30,srb
780,Not Available,30,nzl
781,Not Available,30,den
782,Not Available,30,chi
783,Not Available,30,por
784,Not Available,30,ind
785,Not Available,30,can
786,Not Available,29,sui
787,Not Available,29,slo
788,Not Available,29,usa
789,Not Available,29,aus
790,Not Available,29,ind
791,Not Available,29,tur
792,Not Available,29,hun
793,Not Available,29,aus
794,Not Available,29,ita
795,Not Available,28,per
796,Not Available,28,ned
797,Not Available,28,aus
798,Not Available,28,jpn
799,Not Available,28,ita
800,Not Available,28,cze
801,Not Available,28,usa
802,Not Available,28,rus
803,Not Available,28,ven
804,Not Available,28,usa
805,Not Available,28,ita
806,Not Available,27,usa
807,Not Available,27,aut
808,Not Available,27,bra
809,Not Available,27,cze
810,Not Available,27,ger
811,Not Available,27,aus
812,Not Available,27,arg
813,Not Available,27,fra
814,Not Available,26,svk
815,Not Available,26,tur
816,Not Available,26,irl
817,Not Available,26,esp
818,Not Available,26,den
819,Not Available,26,ita
820,Not Available,25,ger
821,Not Available,25,ita
822,Not Available,25,gbr
823,Not Available,25,can
824,Not Available,25,rus
825,Not Available,25,esp
826,Not Available,25,bel
827,Not Available,25,gbr
828,Not Available,25,rou
829,Not Available,25,fra
830,Not Available,24,tun
831,Not Available,24,arg
832,Not Available,24,aus
833,Not Available,24,can
834,Not Available,24,ita
835,Not Available,24,tha
836,Not Available,24,tur
837,Not Available,24,cze
838,Not Available,23,ita
839,Not Available,23,usa
840,Not Available,23,usa
841,Not Available,23,fra
842,Not Available,23,mex
843,Not Available,23,jpn
844,Not Available,23,bel
845,Not Available,23,jpn
846,Not Available,23,ita
847,Not Available,23,srb
848,Not Available,23,ind
849,Not Available,23,usa
850,Not Available,23,por
851,Not Available,23,ita
852,Not Available,23,est
853,Not Available,22,ind
854,Not Available,22,srb
855,Not Available,22,cze
856,Not Available,22,gbr
857,Not Available,22,usa
858,Not Available,22,tpe
859,Not Available,22,gre
860,Not Available,22,usa
861,Not Available,22,ukr
862,Not Available,22,ned
863,Not Available,22,cze
864,Not Available,22,uru
865,Not Available,22,jpn
866,Not Available,22,gbr
867,Not Available,22,ukr
868,Not Available,22,ger
869,Not Available,22,pol
870,Not Available,22,pol
871,Not Available,22,sen
872,Not Available,22,ita
873,Not Available,22,rou
874,Not Available,22,kaz
875,Not Available,21,jpn
876,Not Available,21,ger
877,Not Available,21,usa
878,Not Available,21,egy
879,Not Available,21,fra
880,Not Available,21,arg
881,Not Available,21,fra
882,Not Available,21,ukr
883,Not Available,21,fra
884,Not Available,21,swe
885,Not Available,21,chn
886,Not Available,21,rou
887,Not Available,21,cro
888,Not Available,21,col
889,Not Available,21,fra
890,Not Available,21,ita
891,Not Available,21,rus
892,Not Available,20,aus
893,Not Available,20,rus
894,Not Available,20,kor
895,Not Available,20,usa
896,Not Available,20,crc
897,Not Available,20,mex
898,Not Available,20,blr
899,Not Available,20,fra
900,Not Available,20,ned
901,Not Available,20,ind
902,Not Available,20,usa
903,Not Available,20,blr
904,Not Available,20,ger
905,Not Available,20,esp
906,Not Available,20,jpn
907,Not Available,19,bel
908,Not Available,19,esp
909,Not Available,19,jpn
910,Not Available,19,ned
911,Not Available,19,usa
912,Not Available,19,ita
913,Not Available,19,bul
914,Not Available,19,ned
915,Not Available,19,aus
916,Not Available,19,isr
917,Not Available,19,ita
918,Not Available,19,tur
919,Not Available,19,ger
920,Not Available,18,ger
921,Not Available,18,aus
922,Not Available,18,aus
923T,Not Available,18,nzl
923T,Not Available,18,sui
925,Not Available,18,swe
926,Not Available,18,srb
927,Not Available,18,jpn
928,Not Available,18,ind
929,Not Available,18,cro
930,Not Available,18,usa
931,Not Available,18,cze
932,Not Available,18,ita
933,Not Available,18,aus
934,Not Available,18,fra
935,Not Available,18,rus
936,Not Available,18,egy
937,Not Available,18,ned
938,Not Available,18,ita
939,Not Available,18,fra
940,Not Available,18,usa
941,Not Available,17,mne
942,Not Available,17,pol
943,Not Available,17,jpn
944,Not Available,17,chi
945,Not Available,17,aut
946,Not Available,17,ned
947,Not Available,17,ind
948,Not Available,17,fra
949,Not Available,17,can
950,Not Available,17,gbr
951,Not Available,17,ita
952,Not Available,17,jpn
953,Not Available,17,nzl
954,Not Available,16,por
955,Not Available,16,bul
956,Not Available,16,usa
957,Not Available,16,gbr
958,Not Available,16,rus
959,Not Available,16,usa
960T,Not Available,16,tur
960T,Not Available,16,jpn
962,Not Available,16,jpn
963,Not Available,16,ita
964,Not Available,16,fra
965,Not Available,16,por
966,Not Available,16,chn
967,Not Available,16,kor
968,Not Available,16,sui
969,Not Available,16,fra
970,Not Available,16,bra
971,Not Available,16,usa
972,Not Available,16,chn
973,Not Available,16,usa
974,Not Available,16,fin
975,Not Available,16,bih
976,Not Available,16,usa
977,Not Available,16,arg
978,Not Available,16,aus
979,Not Available,15,kor
980,Not Available,15,fra
981,Not Available,15,rus
982,Not Available,15,ger
983,Not Available,15,arg
984,Not Available,15,aus
985,Not Available,15,rus
986,Not Available,15,nzl
987,Not Available,15,srb
988,Not Available,15,ita
989T,Not Available,15,chn
989T,Not Available,15,ita
991,Not Available,15,ned
992,Not Available,15,ita
993,Not Available,15,esp
994,Not Available,15,fra
995,Not Available,15,arg
996,Not Available,15,fra
997,Not Available,15,gre
998,Not Available,15,slo
999,Not Available,15,arg
1000,Not Available,15,ind
1001,Not Available,15,bra
1002,Not Available,14,sui
1003,Not Available,14,kaz
1004,Not Available,14,fra
1005,Not Available,14,aus
1006,Not Available,14,rus
1007,Not Available,14,arg
1008,Not Available,14,srb
1009,Not Available,14,arg
1010,Not Available,14,ita
1011,Not Available,14,par
1012,Not Available,14,rus
1013,Not Available,14,cze
1014,Not Available,14,chn
1015,Not Available,14,fra
1016,Not Available,14,bel
1017,Not Available,14,pol
1018,Not Available,14,cyp
1019,Not Available,14,arg
1020,Not Available,14,fra
1021,Not Available,14,arg
1022,Not Available,14,jpn
1023,Not Available,13,ned
1024,Not Available,13,arg
1025,Not Available,13,bra
1026,Not Available,13,gbr
1027,Not Available,13,uru
1028,Not Available,13,sui
1029,Not Available,13,bra
1030T,Not Available,13,fra
1030T,Not Available,13,ger
1032,Not Available,13,ind
1033,Not Available,13,can
1034,Not Available,13,swe
1035,Not Available,13,jam
1036,Not Available,13,hun
1037,Not Available,13,ita
1038,Not Available,13,tpe
1039,Not Available,13,ita
1040,Not Available,13,ven
1041,Not Available,12,aut
1042,Not Available,12,fra
1043,Not Available,12,ina
1044,Not Available,12,ita
1045,Not Available,12,mar
1046,Not Available,12,bra
1047,Not Available,12,chn
1048,Not Available,12,rus
1049,Not Available,12,ger
1050,Not Available,12,kor
1051,Not Available,12,bul
1052,Not Available,12,ngr
1053,Not Available,12,ita
1054,Not Available,12,ger
1055,Not Available,12,ita
1056,Not Available,12,ger
1057,Not Available,12,bra
1058,Not Available,12,mex
1059,Not Available,12,esp
1060,Not Available,12,ita
1061,Not Available,12,usa
1062,Not Available,12,jpn
1063,Not Available,12,rus
1064,Not Available,12,ned
1065,Not Available,12,svk
1066,Not Available,12,chi
1067,Not Available,12,arg
1068,Not Available,11,usa
1069,Not Available,11,usa
1070,Not Available,11,swe
1071,Not Available,11,srb
1072,Not Available,11,can
1073,Not Available,11,slo
1074,Not Available,11,fra
1075T,Not Available,11,rou
1075T,Not Available,11,ind
1077,Not Available,11,ind
1078,Not Available,11,esp
1079,Not Available,11,fra
1080,Not Available,11,ita
1081,Not Available,11,bul
1082,Not Available,11,can
1083T,Not Available,11,pol
1083T,Not Available,11,tur
1085,Not Available,11,chn
1086T,Not Available,11,chn
1086T,Not Available,11,aut
1088,Not Available,11,rus
1089,Not Available,11,aus
1090,Not Available,11,kor
1091,Not Available,11,pol
1092,Not Available,11,ned
1093,Not Available,11,fra
1094,Not Available,11,ita
1095,Not Available,11,ger
1096,Not Available,11,aus
1097,Not Available,11,ita
1098,Not Available,11,ita
1099,Not Available,11,ita
1100,Not Available,11,est
1101,Not Available,11,tur
1102,Not Available,11,tur
1103,Not Available,11,aus
1104,Not Available,11,gre
1105,Not Available,11,srb
1106,Not Available,11,alg
1107,Not Available,10,hun
1108T,Not Available,10,usa
1108T,Not Available,10,per
1110,Not Available,10,sui
1111,Not Available,10,den
1112T,Not Available,10,aus
1112T,Not Available,10,sui
1114,Not Available,10,bdi
1115,Not Available,10,esp
1116,Not Available,10,pol
1117,Not Available,10,ita
1118,Not Available,10,ecu
1119,Not Available,10,col
1120,Not Available,10,fra
1121,Not Available,10,bul
1122,Not Available,10,ger
1123,Not Available,10,usa
1124,Not Available,10,gbr
1125,Not Available,10,usa
1126,Not Available,10,ita
1127,Not Available,10,ita
1128,Not Available,10,ven
1129,Not Available,10,aus
1130,Not Available,10,chn
1131,Not Available,10,gre
1132,Not Available,9,nam
1133,Not Available,9,fra
1134,Not Available,9,cro
1135,Not Available,9,tha
1136,Not Available,9,jpn
1137,Not Available,9,bra
1138,Not Available,9,jpn
1139,Not Available,9,pol
1140,Not Available,9,usa
1141,Not Available,9,col
1142,Not Available,9,aut
1143T,Not Available,9,esp
1143T,Not Available,9,esp
1145,Not Available,9,cro
1146,Not Available,9,ger
1147,Not Available,9,srb
1148,Not Available,9,ita
1149,Not Available,9,cze
1150T,Not Available,9,chi
1150T,Not Available,9,esp
1152,Not Available,9,gbr
1153T,Not Available,9,ita
1153T,Not Available,9,fra
1155T,Not Available,9,ita
1155T,Not Available,9,jpn
1155T,Not Available,9,mkd
1158,Not Available,9,kor
1159,Not Available,9,cze
1160,Not Available,9,jpn
1161,Not Available,9,gbr
1162,Not Available,9,jpn
1163,Not Available,8,fra
1164,Not Available,8,chi
1165,Not Available,8,gbr
1166,Not Available,8,aus
1167,Not Available,8,ger
1168,Not Available,8,rus
1169,Not Available,8,esp
1170,Not Available,8,alg
1171,Not Available,8,usa
1172T,Not Available,8,mar
1172T,Not Available,8,fra
1174,Not Available,8,mar
1175,Not Available,8,sui
1176,Not Available,8,gbr
1177,Not Available,8,esp
1178,Not Available,8,usa
1179,Not Available,8,fra
1180,Not Available,8,bra
1181,Not Available,8,ita
1182T,Not Available,8,rus
1182T,Not Available,8,tha
1184T,Not Available,8,ger
1184T,Not Available,8,arm
1186,Not Available,8,bra
1187,Not Available,8,ger
1188,Not Available,8,bra
1189,Not Available,8,jpn
1190,Not Available,8,kor
1191,Not Available,8,fra
1192,Not Available,8,ger
1193,Not Available,8,esp
1194T,Not Available,8,col
1194T,Not Available,8,rou
1196T,Not Available,8,ita
1196T,Not Available,8,ita
1198,Not Available,8,esp
1199,Not Available,8,gbr
1200T,Not Available,8,fra
1200T,Not Available,8,fra
1202,Not Available,8,ind
1203,Not Available,8,aus
1204,Not Available,8,esp
1205,Not Available,8,pol
1206,Not Available,8,slo
1207,Not Available,8,bul
1208,Not Available,7,ned
1209T,Not Available,7,col
1209T,Not Available,7,rus
1211,Not Available,7,ita
1212,Not Available,7,cze
1213,Not Available,7,fin
1214,Not Available,7,phi
1215,Not Available,7,rou
1216,Not Available,7,esp
1217,Not Available,7,rus
1218,Not Available,7,ita
1219,Not Available,7,pol
1220,Not Available,7,usa
1221,Not Available,7,gbr
1222T,Not Available,7,ina
1222T,Not Available,7,usa
1224,Not Available,7,hun
1225,Not Available,7,col
1226T,Not Available,7,fra
1226T,Not Available,7,fra
1228,Not Available,7,rou
1229,Not Available,7,fra
1230,Not Available,7,bel
1231,Not Available,7,mar
1232T,Not Available,7,fra
1232T,Not Available,7,ger
1234,Not Available,7,ind
1235,Not Available,7,ita
1236T,Not Available,7,ned
1236T,Not Available,7,col
1238,Not Available,7,ger
1239,Not Available,7,usa
1240,Not Available,7,jpn
1241,Not Available,7,usa
1242,Not Available,7,tpe
1243,Not Available,7,chi
1244,Not Available,7,usa
1245,Not Available,7,nor
1246,Not Available,7,ger
1247,Not Available,6,fra
1248T,Not Available,6,aus
1248T,Not Available,6,usa
1250,Not Available,6,cze
1251T,Not Available,6,cze
1251T,Not Available,6,usa
1253,Not Available,6,gbr
1254,Not Available,6,per
1255,Not Available,6,gbr
1256,Not Available,6,fra
1257,Not Available,6,tog
1258,Not Available,6,gbr
1259,Not Available,6,usa
1260,Not Available,6,rus
1261T,Not Available,6,bra
1261T,Not Available,6,geo
1261T,Not Available,6,can
1261T,Not Available,6,uzb
1261T,Not Available,6,ita
1266,Not Available,6,por
1267,Not Available,6,fra
1268,Not Available,6,fra
1269,Not Available,6,tpe
1270,Not Available,6,mar
1271,Not Available,6,swe
1272T,Not Available,6,ita
1272T,Not Available,6,esp
1274,Not Available,6,rsa
1275T,Not Available,6,bra
1275T,Not Available,6,jpn
1277,Not Available,6,srb
1278T,Not Available,6,aus
1278T,Not Available,6,arg
1278T,Not Available,6,cze
1281,Not Available,6,bul
1282,Not Available,6,hun
1283T,Not Available,6,fra
1283T,Not Available,6,gud
1285,Not Available,6,fra
1286,Not Available,6,isr
1287,Not Available,6,ger
1288,Not Available,6,tha
1289T,Not Available,6,rus
1289T,Not Available,6,fra
1291,Not Available,6,kor
1292T,Not Available,6,rus
1292T,Not Available,6,ger
1294,Not Available,6,esp
1295,Not Available,6,swe
1296T,Not Available,6,lbn
1296T,Not Available,6,sui
1298T,Not Available,6,uru
1298T,Not Available,6,usa
1298T,Not Available,6,cze
1298T,Not Available,6,bra
1302T,Not Available,6,aus
1302T,Not Available,6,blr
1304,Not Available,6,cze
1305T,Not Available,6,usa
1305T,Not Available,6,ita
1305T,Not Available,6,pol
1308,Not Available,6,ita
1309,Not Available,6,svk
1310,Not Available,6,aut
1311,Not Available,6,svk
1312T,Not Available,6,arg
1312T,Not Available,6,ita
1314,Not Available,6,usa
1315,Not Available,5,fra
1316,Not Available,5,gre
1317,Not Available,5,ind
1318T,Not Available,5,jpn
1318T,Not Available,5,can
1320T,Not Available,5,mon
1320T,Not Available,5,fra
1322,Not Available,5,fra
1323,Not Available,5,fra
1324,Not Available,5,bul
1325T,Not Available,5,mkd
1325T,Not Available,5,usa
1327,Not Available,5,cze
1328,Not Available,5,irl
1329,Not Available,5,gbr
1330,Not Available,5,rou
1331,Not Available,5,ger
1332T,Not Available,5,ita
1332T,Not Available,5,ita
1334,Not Available,5,den
1335T,Not Available,5,mex
1335T,Not Available,5,fra
1337,Not Available,5,esp
1338,Not Available,5,rou
1339T,Not Available,5,usa
1339T,Not Available,5,usa
1341T,Not Available,5,bra
1341T,Not Available,5,chn
1343,Not Available,5,rou
1344T,Not Available,5,fra
1344T,Not Available,5,irl
1344T,Not Available,5,srb
1347,Not Available,5,svk
1348T,Not Available,5,cro
1348T,Not Available,5,ger
1350,Not Available,5,ned
1351T,Not Available,5,ger
1351T,Not Available,5,fra
1353,Not Available,5,ger
1354T,Not Available,5,arg
1354T,Not Available,5,chn
1354T,Not Available,5,ger
1357T,Not Available,5,jor
1357T,Not Available,5,aut
1357T,Not Available,5,arg
1357T,Not Available,5,esp
1357T,Not Available,5,arg
1362,Not Available,5,col
1363T,Not Available,5,ven
1363T,Not Available,5,fra
1363T,Not Available,5,ita
1363T,Not Available,5,chi
1367T,Not Available,5,ned
1367T,Not Available,5,gbr
1369,Not Available,5,ecu
1370,Not Available,5,aut
1371,Not Available,5,irl
1372,Not Available,5,ita
1373T,Not Available,4,por
1373T,Not Available,4,hun
1375T,Not Available,4,usa
1375T,Not Available,4,ita
1375T,Not Available,4,gre
1375T,Not Available,4,usa
1375T,Not Available,4,usa
1375T,Not Available,4,ger
1381T,Not Available,4,usa
1381T,Not Available,4,crc
1381T,Not Available,4,fra
1381T,Not Available,4,kor
1381T,Not Available,4,jpn
1386,Not Available,4,bra
1387T,Not Available,4,fra
1387T,Not Available,4,rus
1389T,Not Available,4,usa
1389T,Not Available,4,por
1391T,Not Available,4,nor
1391T,Not Available,4,aus
1393T,Not Available,4,usa
1393T,Not Available,4,fra
1393T,Not Available,4,fra
1393T,Not Available,4,ita
1397T,Not Available,4,gbr
1397T,Not Available,4,chn
1399,Not Available,4,fra
1400T,Not Available,4,isr
1400T,Not Available,4,cze
1402T,Not Available,4,bra
1402T,Not Available,4,srb
1404T,Not Available,4,bel
1404T,Not Available,4,aus
1404T,Not Available,4,usa
1407T,Not Available,4,usa
1407T,Not Available,4,ned
1407T,Not Available,4,jpn
1407T,Not Available,4,fin
1407T,Not Available,4,bra
1407T,Not Available,4,usa
1413,Not Available,4,esp
1414T,Not Available,4,por
1414T,Not Available,4,tur
1414T,Not Available,4,aut
1414T,Not Available,4,col
1414T,Not Available,4,mex
1414T,Not Available,4,jpn
1420,Not Available,4,usa
1421,Not Available,4,hun
1422,Not Available,4,ind
1423T,Not Available,4,tun
1423T,Not Available,4,ger
1423T,Not Available,4,rus
1423T,Not Available,4,sui
1427T,Not Available,4,ned
1427T,Not Available,4,srb
1427T,Not Available,4,rus
1427T,Not Available,4,ned
1431,Not Available,4,ita
1432T,Not Available,4,can
1432T,Not Available,4,cro
1434T,Not Available,4,gre
1434T,Not Available,4,col
1434T,Not Available,4,gbr
1437,Not Available,4,arg
1438T,Not Available,4,rsa
1438T,Not Available,4,bul
1438T,Not Available,4,chn
1441,Not Available,4,est
1442T,Not Available,4,ina
1442T,Not Available,4,ger
1444T,Not Available,4,esp
1444T,Not Available,4,ita
1444T,Not Available,4,lat
1447T,Not Available,4,gbr
1447T,Not Available,4,lux
1447T,Not Available,4,tur
1447T,Not Available,4,ita
1447T,Not Available,4,arg
1452T,Not Available,4,ned
1452T,Not Available,4,ita
1454,Not Available,4,ned
1455T,Not Available,4,per
1455T,Not Available,4,slo
1455T,Not Available,4,nzl
1455T,Not Available,4,fra
1459,Not Available,4,ita
1460T,Not Available,4,ind
1460T,Not Available,4,ita
1462,Not Available,4,ita
1463,Not Available,4,ita
1464,Not Available,4,rus
1465T,Not Available,4,arg
1465T,Not Available,4,ger
1465T,Not Available,4,ger
1468T,Not Available,4,aus
1468T,Not Available,4,chi
1470,Not Available,4,rou
1471T,Not Available,3,usa
1471T,Not Available,3,usa
1471T,Not Available,3,fra
1471T,Not Available,3,hkg
1475T,Not Available,3,gbr
1475T,Not Available,3,ind
1477T,Not Available,3,bel
1477T,Not Available,3,pol
1477T,Not Available,3,aus
1477T,Not Available,3,swe
1481T,Not Available,3,usa
1481T,Not Available,3,sui
1481T,Not Available,3,ita
1484T,Not Available,3,cze
1484T,Not Available,3,aus
1484T,Not Available,3,ita
1484T,Not Available,3,tha
1484T,Not Available,3,usa
1484T,Not Available,3,usa
1484T,Not Available,3,iri
1491T,Not Available,3,bel
1491T,Not Available,3,svk
1493,Not Available,3,esp
1494T,Not Available,3,ita
1494T,Not Available,3,ger
1494T,Not Available,3,col
1494T,Not Available,3,gbr
1494T,Not Available,3,can
1494T,Not Available,3,srb
1494T,Not Available,3,fin
1494T,Not Available,3,cyp
1494T,Not Available,3,ger
1494T,Not Available,3,pol
1504T,Not Available,3,ger
1504T,Not Available,3,arg
1504T,Not Available,3,sui
1504T,Not Available,3,fra
1504T,Not Available,3,gbr
1509,Not Available,3,chn
1510T,Not Available,3,fra
1510T,Not Available,3,sui
1510T,Not Available,3,rus
1510T,Not Available,3,usa
1510T,Not Available,3,iri
1510T,Not Available,3,ita
1510T,Not Available,3,ger
1510T,Not Available,3,col
1510T,Not Available,3,swe
1510T,Not Available,3,ita
1520T,Not Available,3,ita
1520T,Not Available,3,esp
1520T,Not Available,3,bel
1520T,Not Available,3,ind
1520T,Not Available,3,sui
1520T,Not Available,3,bul
1520T,Not Available,3,iri
1520T,Not Available,3,por
1528T,Not Available,3,ger
1528T,Not Available,3,gbr
1528T,Not Available,3,can
1531T,Not Available,3,ukr
1531T,Not Available,3,mlt
1531T,Not Available,3,ned
1531T,Not Available,3,ger
1531T,Not Available,3,fra
1531T,Not Available,3,ita
1531T,Not Available,3,cze
1531T,Not Available,3,lux
1531T,Not Available,3,ned
1531T,Not Available,3,aut
1541,Not Available,3,usa
1542T,Not Available,3,usa
1542T,Not Available,3,cze
1542T,Not Available,3,bul
1542T,Not Available,3,esp
1542T,Not Available,3,bul
1547T,Not Available,3,ecu
1547T,Not Available,3,ger
1547T,Not Available,3,bra
1547T,Not Available,3,por
1547T,Not Available,3,usa
1547T,Not Available,3,cyp
1547T,Not Available,3,ita
1554,Not Available,3,fra
1555T,Not Available,3,ukr
1555T,Not Available,3,usa
1557T,Not Available,3,mar
1557T,Not Available,3,rsa
1557T,Not Available,3,aus
1557T,Not Available,3,ita
1557T,Not Available,3,bih
1557T,Not Available,3,fra
1557T,Not Available,3,ger
1564,Not Available,3,arg
1565T,Not Available,3,bul
1565T,Not Available,3,gbr
1565T,Not Available,3,bra
1565T,Not Available,3,ger
1569,Not Available,3,ita
1570T,Not Available,3,swe
1570T,Not Available,3,pol
1570T,Not Available,3,ina
1570T,Not Available,3,fra
1570T,Not Available,3,ita
1570T,Not Available,3,rou
1576,Not Available,3,usa
1577,Not Available,3,cze
1578,Not Available,3,rou
1579,Not Available,3,esp
1580,Not Available,3,gha
1581T,Not Available,3,egy
1581T,Not Available,3,ind
1583,Not Available,3,sui
1584T,Not Available,2,kaz
1584T,Not Available,2,bra
1584T,Not Available,2,fra
1584T,Not Available,2,usa
1584T,Not Available,2,usa
1584T,Not Available,2,esp
1584T,Not Available,2,usa
1584T,Not Available,2,usa
1584T,Not Available,2,ita
1584T,Not Available,2,ger
1584T,Not Available,2,ned
1584T,Not Available,2,den
1584T,Not Available,2,jpn
1584T,Not Available,2,usa
1584T,Not Available,2,kor
1584T,Not Available,2,jor
1584T,Not Available,2,rsa
1584T,Not Available,2,esp
1584T,Not Available,2,arg
1584T,Not Available,2,usa
1584T,Not Available,2,aus
1584T,Not Available,2,blr
1584T,Not Available,2,ger
1584T,Not Available,2,bra
1608T,Not Available,2,bra
1608T,Not Available,2,ger
1608T,Not Available,2,bol
1608T,Not Available,2,rou
1608T,Not Available,2,jpn
1608T,Not Available,2,usa
1608T,Not Available,2,ita
1608T,Not Available,2,par
1608T,Not Available,2,jpn
1608T,Not Available,2,sui
1608T,Not Available,2,chn
1619T,Not Available,2,ind
1619T,Not Available,2,usa
1619T,Not Available,2,rus
1619T,Not Available,2,tpe
1619T,Not Available,2,arg
1619T,Not Available,2,ita
1619T,Not Available,2,chn
1619T,Not Available,2,usa
1619T,Not Available,2,aus
1619T,Not Available,2,usa
1619T,Not Available,2,ita
1619T,Not Available,2,esp
1619T,Not Available,2,nzl
1619T,Not Available,2,per
1619T,Not Available,2,rus
1619T,Not Available,2,ukr
1619T,Not Available,2,jpn
1619T,Not Available,2,ita
1637T,Not Available,2,tur
1637T,Not Available,2,isr
1637T,Not Available,2,rou
1637T,Not Available,2,ned
1637T,Not Available,2,mex
1637T,Not Available,2,usa
1643T,Not Available,2,ita
1643T,Not Available,2,rus
1643T,Not Available,2,can
1643T,Not Available,2,usa
1643T,Not Available,2,ukr
1643T,Not Available,2,ned
1643T,Not Available,2,ind
1643T,Not Available,2,swe
1643T,Not Available,2,bra
1643T,Not Available,2,ger
1643T,Not Available,2,srb
1643T,Not Available,2,cze
1643T,Not Available,2,srb
1643T,Not Available,2,aus
1643T,Not Available,2,jpn
1643T,Not Available,2,bra
1643T,Not Available,2,usa
1660T,Not Available,2,hkg
1660T,Not Available,2,isr
1660T,Not Available,2,ned
1660T,Not Available,2,ind
1660T,Not Available,2,usa
1660T,Not Available,2,ger
1660T,Not Available,2,isr
1660T,Not Available,2,ltu
1668T,Not Available,2,ita
1668T,Not Available,2,rou
1668T,Not Available,2,usa
1668T,Not Available,2,ita
1668T,Not Available,2,rus
1668T,Not Available,2,kor
1668T,Not Available,2,esp
1668T,Not Available,2,ang
1668T,Not Available,2,tur
1668T,Not Available,2,esp
1668T,Not Available,2,kor
1668T,Not Available,2,tha
1668T,Not Available,2,ukr
1668T,Not Available,2,ger
1668T,Not Available,2,usa
1668T,Not Available,2,slo
1668T,Not Available,2,ita
1668T,Not Available,2,esp
1668T,Not Available,2,fra
1668T,Not Available,2,fra
1668T,Not Available,2,nzl
1668T,Not Available,2,zim
1668T,Not Available,2,aut
1668T,Not Available,2,arg
1668T,Not Available,2,bih
1668T,Not Available,2,can
1668T,Not Available,2,rus
1668T,Not Available,2,hun
1668T,Not Available,2,cro
1697T,Not Available,2,ita
1697T,Not Available,2,jam
1697T,Not Available,2,usa
1697T,Not Available,2,usa
1697T,Not Available,2,jpn
1697T,Not Available,2,ita
1703T,Not Available,2,esp
1703T,Not Available,2,ita
1703T,Not Available,2,aus
1703T,Not Available,2,rou
1703T,Not Available,2,cze
1703T,Not Available,2,gbr
1703T,Not Available,2,den
1703T,Not Available,2,esp
1703T,Not Available,2,hun
1703T,Not Available,2,usa
1703T,Not Available,2,usa
1703T,Not Available,2,esp
1703T,Not Available,2,rou
1703T,Not Available,2,bra
1703T,Not Available,2,rus
1703T,Not Available,2,jpn
1703T,Not Available,2,rsa
1703T,Not Available,2,aus
1721T,Not Available,2,esp
1721T,Not Available,2,cro
1721T,Not Available,2,tur
1721T,Not Available,2,fra
1725T,Not Available,2,usa
1725T,Not Available,2,hun
1725T,Not Available,2,ita
1725T,Not Available,2,usa
1725T,Not Available,2,pol
1725T,Not Available,2,aus
1725T,Not Available,2,gha
1725T,Not Available,2,cze
1725T,Not Available,2,gbr
1725T,Not Available,2,rou
1725T,Not Available,2,ned
1725T,Not Available,2,chn
1725T,Not Available,2,aus
1738,Not Available,2,ita
1739T,Not Available,2,ita
1739T,Not Available,2,esp
1739T,Not Available,2,tpe
1739T,Not Available,2,ind
1739T,Not Available,2,jpn
1739T,Not Available,2,rus
1739T,Not Available,2,cze
1739T,Not Available,2,bra
1739T,Not Available,2,arg
1739T,Not Available,2,ind
1739T,Not Available,2,uzb
1739T,Not Available,2,swe
1739T,Not Available,2,fra
1739T,Not Available,2,ita
1753T,Not Available,2,usa
1753T,Not Available,2,esp
1753T,Not Available,2,tur
1753T,Not Available,2,chi
1753T,Not Available,2,por
1753T,Not Available,2,lux
1753T,Not Available,2,mex
1753T,Not Available,2,ita
1753T,Not Available,2,ita
1753T,Not Available,2,arg
1753T,Not Available,2,jpn
1753T,Not Available,2,fra
1753T,Not Available,2,pol
1753T,Not Available,2,slo
1753T,Not Available,2,aus
1753T,Not Available,2,aut
1753T,Not Available,2,ita
1753T,Not Available,2,ita
1753T,Not Available,2,ned
1753T,Not Available,2,usa
1773,Not Available,2,gbr
1774T,Not Available,2,gbr
1774T,Not Available,2,chi
1774T,Not Available,2,por
1774T,Not Available,2,esp
1774T,Not Available,2,kor
1774T,Not Available,2,chn
1780,Not Available,2,fra
1781T,Not Available,2,arg
1781T,Not Available,2,sui
1781T,Not Available,2,ind
1781T,Not Available,2,gbr
1785T,Not Available,2,egy
1785T,Not Available,2,per
1785T,Not Available,2,ita
1785T,Not Available,2,arg
1789T,Not Available,2,rus
1789T,Not Available,2,tur
1791T,Not Available,1,rus
1791T,Not Available,1,sgp
1791T,Not Available,1,ger
1791T,Not Available,1,rou
1791T,Not Available,1,tur
1791T,Not Available,1,ita
1791T,Not Available,1,col
1791T,Not Available,1,ger
1791T,Not Available,1,gbr
1791T,Not Available,1,arg
1791T,Not Available,1,ned
1791T,Not Available,1,usa
1791T,Not Available,1,fra
1791T,Not Available,1,swe
1791T,Not Available,1,esp
1791T,Not Available,1,can
1791T,Not Available,1,hkg
1791T,Not Available,1,ita
1791T,Not Available,1,esp
1791T,Not Available,1,usa
1791T,Not Available,1,bra
1791T,Not Available,1,usa
1791T,Not Available,1,ita
1791T,Not Available,1,can
1791T,Not Available,1,chn
1791T,Not Available,1,arg
1791T,Not Available,1,usa
1791T,Not Available,1,ger
1791T,Not Available,1,usa
1791T,Not Available,1,ind
1791T,Not Available,1,usa
1791T,Not Available,1,tha
1791T,Not Available,1,usa
1791T,Not Available,1,aut
1791T,Not Available,1,ind
1791T,Not Available,1,ger
1791T,Not Available,1,arg
1791T,Not Available,1,sgp
1791T,Not Available,1,kor
1791T,Not Available,1,kor
1791T,Not Available,1,jpn
1791T,Not Available,1,usa
1791T,Not Available,1,fra
1791T,Not Available,1,usa
1791T,Not Available,1,mex
1791T,Not Available,1,pol
1791T,Not Available,1,rou
1791T,Not Available,1,hun
1791T,Not Available,1,sui
1791T,Not Available,1,fra
1791T,Not Available,1,cro
1791T,Not Available,1,ita
1791T,Not Available,1,hun
1791T,Not Available,1,jpn
1791T,Not Available,1,moz
1791T,Not Available,1,arg
1791T,Not Available,1,fra
1791T,Not Available,1,sui
1791T,Not Available,1,svk
1791T,Not Available,1,usa
1791T,Not Available,1,ita
1791T,Not Available,1,ger
1791T,Not Available,1,usa
1791T,Not Available,1,arg
1791T,Not Available,1,usa
1791T,Not Available,1,fra
1791T,Not Available,1,fra
1791T,Not Available,1,esp
1791T,Not Available,1,gbr
1791T,Not Available,1,ita
1791T,Not Available,1,usa
1791T,Not Available,1,usa
1791T,Not Available,1,ita
1791T,Not Available,1,usa
1791T,Not Available,1,usa
1791T,Not Available,1,swe
1791T,Not Available,1,aus
1791T,Not Available,1,jpn
1791T,Not Available,1,chn
1791T,Not Available,1,usa
1791T,Not Available,1,arg
1791T,Not Available,1,ger
1791T,Not Available,1,ukr
1791T,Not Available,1,uru
1791T,Not Available,1,ita
1791T,Not Available,1,esp
1791T,Not Available,1,aus
1791T,Not Available,1,gbr
1791T,Not Available,1,fra
1791T,Not Available,1,pol
1881T,Not Available,1,gbr
1881T,Not Available,1,gre
1881T,Not Available,1,ita
1881T,Not Available,1,cze
1881T,Not Available,1,fra
1881T,Not Available,1,mex
1881T,Not Available,1,gbr
1881T,Not Available,1,rus
1881T,Not Available,1,ned
1881T,Not Available,1,rsa
1881T,Not Available,1,usa
1881T,Not Available,1,fra
1881T,Not Available,1,sui
1881T,Not Available,1,ita
1881T,Not Available,1,ita
1881T,Not Available,1,usa
1881T,Not Available,1,ind
1881T,Not Available,1,kor
1881T,Not Available,1,bra
1881T,Not Available,1,rsa
1881T,Not Available,1,rus
1881T,Not Available,1,esp
1881T,Not Available,1,aut
1881T,Not Available,1,usa
1881T,Not Available,1,uru
1881T,Not Available,1,ned
1881T,Not Available,1,fra
1881T,Not Available,1,usa
1881T,Not Available,1,esp
1881T,Not Available,1,cuw
1881T,Not Available,1,usa
1881T,Not Available,1,gua
1881T,Not Available,1,usa
1881T,Not Available,1,sui
1881T,Not Available,1,bul
1881T,Not Available,1,blr
1881T,Not Available,1,fra
1881T,Not Available,1,bar
1881T,Not Available,1,hun
1881T,Not Available,1,cze
1881T,Not Available,1,usa
1881T,Not Available,1,ger
1881T,Not Available,1,usa
1881T,Not Available,1,chn
1881T,Not Available,1,bra
1881T,Not Available,1,esp
1881T,Not Available,1,lbn
1881T,Not Available,1,pol
1881T,Not Available,1,usa
1881T,Not Available,1,usa
1881T,Not Available,1,pol
1881T,Not Available,1,esp
1881T,Not Available,1,ita
1881T,Not Available,1,kuw
1881T,Not Available,1,irl
1881T,Not Available,1,srb
1881T,Not Available,1,slo
1881T,Not Available,1,uru
1881T,Not Available,1,tpe
1881T,Not Available,1,pol
1881T,Not Available,1,aus
1881T,Not Available,1,mex
1881T,Not Available,1,bel
1881T,Not Available,1,usa
1881T,Not Available,1,rsa
1881T,Not Available,1,usa
1881T,Not Available,1,rus
1881T,Not Available,1,bra
1881T,Not Available,1,usa
1881T,Not Available,1,usa
1881T,Not Available,1,rus
1881T,Not Available,1,kor
1881T,Not Available,1,ger
1881T,Not Available,1,sui
1881T,Not Available,1,jpn
1881T,Not Available,1,ita
1881T,Not Available,1,cmr
1881T,Not Available,1,usa
1881T,Not Available,1,sui
1881T,Not Available,1,usa
1881T,Not Available,1,aus
1881T,Not Available,1,ger
1881T,Not Available,1,arg
1881T,Not Available,1,chn
1965T,Not Available,1,aus
1965T,Not Available,1,mex
1965T,Not Available,1,arg
1965T,Not Available,1,mex
1965T,Not Available,1,usa
1965T,Not Available,1,ind
1965T,Not Available,1,bra
1965T,Not Available,1,rou
1965T,Not Available,1,aus
1965T,Not Available,1,rus
1965T,Not Available,1,arg
1965T,Not Available,1,rsa
1965T,Not Available,1,usa
1965T,Not Available,1,ita
1965T,Not Available,1,ned
1965T,Not Available,1,aus
1965T,Not Available,1,fra
1965T,Not Available,1,svk
1965T,Not Available,1,bra
1965T,Not Available,1,sui
1965T,Not Available,1,esp
1965T,Not Available,1,aze
1965T,Not Available,1,aut
1965T,Not Available,1,gbr
1965T,Not Available,1,rsa
1965T,Not Available,1,mex
1965T,Not Available,1,fra
1965T,Not Available,1,jpn
1965T,Not Available,1,fra
1965T,Not Available,1,ind
1965T,Not Available,1,blr
1965T,Not Available,1,kor
1965T,Not Available,1,ukr
1965T,Not Available,1,slo
1965T,Not Available,1,jpn
1965T,Not Available,1,gud
1965T,Not Available,1,mex
1965T,Not Available,1,kor
1965T,Not Available,1,usa
1965T,Not Available,1,chn
1965T,Not Available,1,chn
1965T,Not Available,1,ant
1965T,Not Available,1,usa
1965T,Not Available,1,blr
1965T,Not Available,1,ber
1965T,Not Available,1,usa
1965T,Not Available,1,svk
1965T,Not Available,1,lba
1965T,Not Available,1,sui
1965T,Not Available,1,aus
1965T,Not Available,1,fra
1965T,Not Available,1,pol
1965T,Not Available,1,por
1965T,Not Available,1,esp
1965T,Not Available,1,mex
1965T,Not Available,1,usa
1965T,Not Available,1,sui
1965T,Not Available,1,tur
1965T,Not Available,1,pol
1965T,Not Available,1,gbr
1965T,Not Available,1,gre
1965T,Not Available,1,ned
1965T,Not Available,1,rou
1965T,Not Available,1,fra
1965T,Not Available,1,cro
1965T,Not Available,1,ind
1965T,Not Available,1,rus
1965T,Not Available,1,ger
2033T,Not Available,1,mar
2033T,Not Available,1,ind
2033T,Not Available,1,arg
2033T,Not Available,1,svk
2033T,Not Available,1,mar
2033T,Not Available,1,arg
2033T,Not Available,1,ind
2033T,Not Available,1,can
2033T,Not Available,1,gbr
2033T,Not Available,1,arg
2033T,Not Available,1,ita
2033T,Not Available,1,gbr
2033T,Not Available,1,usa
2033T,Not Available,1,gbr
2033T,Not Available,1,ita
2033T,Not Available,1,srb
2033T,Not Available,1,cze
2033T,Not Available,1,uzb
2033T,Not Available,1,usa
2033T,Not Available,1,aus
2033T,Not Available,1,usa
2033T,Not Available,1,usa
2033T,Not Available,1,usa
2033T,Not Available,1,gbr
2033T,Not Available,1,por
2033T,Not Available,1,gbr
2033T,Not Available,1,rus
2033T,Not Available,1,arg
2033T,Not Available,1,por
2033T,Not Available,1,kuw
2033T,Not Available,1,esp
2033T,Not Available,1,can
2033T,Not Available,1,usa
2033T,Not Available,1,usa
2033T,Not Available,1,bra
2033T,Not Available,1,bel
2033T,Not Available,1,aut
2033T,Not Available,1,isr
2033T,Not Available,1,tur
2033T,Not Available,1,chn
2073T,Not Available,1,esp
2073T,Not Available,1,cyp
2073T,Not Available,1,ita
2073T,Not Available,1,ned
2073T,Not Available,1,ger
2073T,Not Available,1,aut
2073T,Not Available,1,aus
2073T,Not Available,1,ger
2073T,Not Available,1,ger
2073T,Not Available,1,pol
2073T,Not Available,1,ind
2073T,Not Available,1,usa
2073T,Not Available,1,svk
2073T,Not Available,1,aut
2073T,Not Available,1,zim
2073T,Not Available,1,irl
2073T,Not Available,1,srb
2073T,Not Available,1,gbr
2073T,Not Available,1,ger
2073T,Not Available,1,esp
2073T,Not Available,1,fin
2073T,Not Available,1,jpn
2073T,Not Available,1,gre
2073T,Not Available,1,nzl
2073T,Not Available,1,bel
2073T,Not Available,1,bra
2073T,Not Available,1,usa
2073T,Not Available,1,cze
2073T,Not Available,1,fra
2073T,Not Available,1,usa
2073T,Not Available,1,kaz
2073T,Not Available,1,chi
2105T,Not Available,1,pur
2105T,Not Available,1,rsa
2105T,Not Available,1,usa
2105T,Not Available,1,ita
2105T,Not Available,1,arg
2105T,Not Available,1,aut
2105T,Not Available,1,gbr
2105T,Not Available,1,gbr
2105T,Not Available,1,mex
2105T,Not Available,1,aus
2105T,Not Available,1,ind
2105T,Not Available,1,rus
2105T,Not Available,1,ita
2105T,Not Available,1,jpn
2105T,Not Available,1,rus
2105T,Not Available,1,kor
2105T,Not Available,1,esp
2105T,Not Available,1,jpn
2105T,Not Available,1,ltu
2105T,Not Available,1,ind
2105T,Not Available,1,gbr
2105T,Not Available,1,chn
2127T,Not Available,1,mex
2127T,Not Available,1,mlt
2127T,Not Available,1,rus
2127T,Not Available,1,nor
2127T,Not Available,1,arg
2127T,Not Available,1,srb
2127T,Not Available,1,sui
2127T,Not Available,1,rus
2127T,Not Available,1,fra
2127T,Not Available,1,esp
2127T,Not Available,1,ita
2127T,Not Available,1,jpn
2127T,Not Available,1,por
2140T,Not Available,1,bra
2140T,Not Available,1,fra
2140T,Not Available,1,egy
2140T,Not Available,1,bah
2140T,Not Available,1,ind
2140T,Not Available,1,usa
2140T,Not Available,1,chn
2147T,Not Available,1,bel
2147T,Not Available,1,swe
2147T,Not Available,1,mon
2150T,Not Available,1,swe
2150T,Not Available,1,srb
2150T,Not Available,1,bul
2150T,Not Available,1,rou
2154,Not Available,1,por
2155T,Not Available,1,aus
2155T,Not Available,1,gbr
