rank,name
Jannik Sinner,1
Alexander Zverev,2
Carlos Alcaraz,3
Taylor Fritz,4
Novak Djokovic,5
Casper Ruud,6
Jack Draper,7
Stefanos Tsitsipas,8
Andrey Rublev,9
Alex de Minaur,10
Daniil Medvedev,11
Holger Rune,12
Tommy Paul,13
Ben Shelton,14
Arthur Fils,15
Lorenzo Musetti,16
Frances Tiafoe,17
Grigor Dimitrov,18
Felix Auger-Aliassime,19
Ugo Humbert,20
Tomas Machac,21
Hubert Hurkacz,22
Francisco Cerundolo,23
Jakub Mensik,24
Sebastian Korda,25
Karen Khachanov,26
Matteo Berrettini,27
Alexei Popyrin,28
Jiri Lehecka,29
Denis Shapovalov,30
Giovanni Mpetshi Perricard,31
Alejandro Tabilo,32
Brandon Nakashima,33
Alex Michelsen,34
Jordan Thompson,35
Sebastian Baez,36
Tallon Griekspoor,37
Lorenzo Sonego,38
Matteo Arnaldi,39
Alejandro Davidovich Fokina,40
Alexandre Muller,41
Gael Monfils,42
Nuno Borges,43
Tomas Martin Etcheverry,44
Flavio Cobolli,45
Marcos Giron,46
Pedro Martinez,47
Miomir Kecmanovic,48
Jan-Lennard Struff,49
Zizou Bergs,50
Roberto Carballes Baena,51
Roberto Bautista Agut,52
Zhizhen Zhang,53
David Goffin,54
Jaume Munar,55
Quentin Halys,56
Luciano Darderi,57
Nicolas Jarry,58
Joao Fonseca,59
Juncheng Shang,60
Mariano Navone,61
Benjamin Bonzi,62
Camilo Ugo Carabelli,63
Francisco Comesana,64
Damir Dzumhur,65
Kei Nishikori,66
Yunchaokete Bu,67
Roman Safiullin,68
Learner Tien,69
Yoshihito Nishioka,70
Mattia Bellucci,71
Hamad Medjedovic,72
Jacob Fearnley,73
Arthur Rinderknech,74
Corentin Moutet,75
Aleksandar Vukic,76
Alexander Bublik,77
Laslo Djere,78
Aleksandar Kovacevic,79
Fabian Marozsan,80
Gabriel Diallo,81
Rinky Hijikata,82
Daniel Altmaier,83
Hugo Gaston,84
Adam Walton,85
Cameron Norrie,86
Christopher O'Connell,87
Botic van de Zandschulp,88
James Duckworth,89
Marton Fucsovics,90
Thanasi Kokkinakis,91
Raphael Collignon,92
Luca Nardi,93
Thiago Monteiro,94
Jaime Faria,95
Borna Coric,96
Francesco Passaro,97
Jesper de Jong,98
Fabio Fognini,99
Mackenzie McDonald,100
Chun-Hsin Tseng,101
Hugo Dellien,102
Billy Harris,103
Reilly Opelka,104
Alexander Shevchenko,105
Vit Kopriva,106
Pavel Kotov,107
Nishesh Basavareddy,108
Dusan Lajovic,109
Pablo Carreno Busta,110
Thiago Agustin Tirante,111
Lucas Pouille,112
Thiago Seyboth Wild,113
Daniel Elahi Galan,114
Brandon Holt,115
Valentin Royer,116
Christopher Eubanks,117
Marin Cilic,118
Arthur Cazaux,119
Tristan Schoolkate,120
Tristan Boyer,121
Kamil Majchrzak,122
Yannick Hanfmann,123
Taro Daniel,124
Alexander Ritschard,125
Federico Coria,126
Nicolas Moreno De Alboran,127
Juan Manuel Cerundolo,128
Eliot Spizzirri,129
Ethan Quinn,130
Jerome Kym,131
Max Purcell,132
Cristian Garin,133
Sebastian Ofner,134
Otto Virtanen,135
Harold Mayot,136
Sumit Nagal,137
Roman Andres Burruchaga,138
Elmer Moller,139
Federico Agustin Gomez,140
Mitchell Krueger,141
Lloyd Harris,142
Facundo Diaz Acosta,143
Adrian Mannarino,144
Carlos Taberner,145
Jozef Kovalik,146
Tomas Barrios Vera,147
Richard Gasquet,148
Shintaro Mochizuki,149
Alexander Blockx,150
Kyrian Jacquet,151
Felipe Meligeni Alves,152
Martin Landaluce,153
Dalibor Svrcina,154
Juan Pablo Ficovich,155
Alejandro Moro Canas,156
Yasutaka Uchiyama,157
Gregoire Barrere,158
Nikoloz Basilashvili,159
Mikhail Kukushkin,160
Stan Wawrinka,161
Alexis Galarneau,162
Marco Trungelliti,163
Emilio Nava,164
Ugo Blanchet,165
Duje Ajdukovic,166
Calvin Hemery,167
Marc-Andrea Huesler,168
Pierre-Hugues Herbert,169
Coleman Wong,170
Li Tu,171
Alibek Kachmazov,172
James Trotter,173
Timofey Skatov,174
Dmitry Popko,175
Lukas Klein,176
Jan Choinski,177
Liam Draxl,178
Terence Atmane,179
Hady Habib,180
James McCabe,181
Hugo Grenier,182
Sho Shimabukuro,183
Gustavo Heide,184
Luca Van Assche,185
Constant Lestienne,186
Dominik Koepfer,187
Facundo Mena,188
Arthur Bouquier,189
Aslan Karatsev,190
Aziz Dougaz,191
Beibit Zhukayev,192
Yuta Shimizu,193
Matteo Gigante,194
Jurij Rodionov,195
Andrea Collarini,196
Gijs Brouwer,197
Vilius Gaubas,198
Mark Lajal,199
Colton Smith,200
Zachary Svajda,201
August Holmgren,202
Henrique Rocha,203
Daniel Evans,204
Edas Butvilas,205
Henri Squire,206
Gauthier Onclin,207
Lukas Neumayer,208
Benjamin Hassan,209
Titouan Droguet,210
Yosuke Watanuki,211
Maximilian Marterer,212
Federico Arnaboldi,213
Bernard Tomic,214
Ignacio Buse,215
Paul Jubb,216
Omar Jasika,217
Antoine Escoffier,218
Murphy Cassone,219
Murkel Dellien,220
Maks Kasnikowski,221
Emil Ruusuvuori,222
Radu Albot,223
Rodrigo Pacheco Mendez,224
Alex Bolt,225
Adolfo Daniel Vallejo,226
Daniel Rincon,227
Yu Hsiou Hsu,228
Khumoyun Sultanov,229
Max Hans Rehberg,230
Andrea Pellegrino,231
Filip Misolic,232
Seongchan Hong,233
Albert Ramos-Vinolas,234
Gabriel Debru,235
Rio Noguchi,236
Chris Rodesch,237
Tung-Lin Wu,238
Marek Gengel,239
Pol Martin Tiffon,240
Filip Cristian Jianu,241
Yan Bai,242
Alvaro Guillen Meza,243
Viktor Durasovic,244
Denis Yevseyev,245
Elias Ymer,246
Oriol Roca Batalla,247
Nicolas Mejia,248
Frederico Ferreira Silva,249
Sascha Gueymard Wayenburg,250
Stefano Napolitano,251
Guy Den Ouden,252
Nick Hardt,253
Marat Sharipov,254
J.J. Wolf,255
Johannus Monday,256
Javier Barranco Cosano,257
Gonzalo Bueno,258
Valentin Vacherot,259
Carlos Sanchez Jover,260
Matteo Martineau,261
Zsombor Piros,262
Matias Soto,263
Lorenzo Giustino,264
Gonzalo Oliveira,265
Abdullah Shelbayh,266
Robin Bertrand,267
Dominic Stricker,268
Juan Pablo Varillas,269
Andres Andrade,270
Juan Bautista Torres,271
Blake Ellis,272
Max Houkes,273
Adrian Andreev,274
Enzo Couacaud,275
Karue Sell,276
Jay Clarke,277
Dimitar Kuzmanov,278
Rei Sakamoto,279
Mili Poljicak,280
Francesco Maestrelli,281
Michael Mmoh,282
Fajing Sun,283
Mathys Erhard,284
Patrick Zahraj,285
Remy Bertola,286
Nicolai Budkov Kjaer,287
Aidan Mayo,288
Stefano Travaglia,289
Geoffrey Blancaneaux,290
Jelle Sels,291
Kimmer Coppejans,292
Oliver Crawford,293
Pedro Cachin,294
Leandro Riedi,295
Juan Carlos Prado Angelo,296
Andrea Vavassori,297
Clement Chidekh,298
Enrico Dalla Valle,299
Luka Pavlovic,300
Ilia Simakin,301
Michael Geerts,302
Ivan Gakhov,303
Genaro Alberto Olivieri,304
Ricardas Berankis,305
Maxime Janvier,306
Jie Cui,307
Santiago Rodriguez Taverna,308
Christoph Negritu,309
Manuel Guinard,310
Bernabe Zapata Miralles,311
Nicolas Alvarez Varona,312
Ergi Kirkin,313
Ryan Peniston,314
Jacopo Berrettini,315
Martin Klizan,316
Daniel Dutra da Silva,317
Mika Brunold,318
Christian Langmo,319
Matej Dodig,320
Maxime Cressy,321
Charles Broom,322
Rudolf Molleker,323
Andrej Martin,324
Joel Schwaerzler,325
Lautaro Midon,326
Oleksandr Ovcharenko,327
Corentin Denolly,328
Giulio Zeppieri,329
Matheus Pucinelli De Almeida,330
Benjamin Lock,331
Eliakim Coulibaly,332
Oleg Prihodko,333
Maxime Chazal,334
Masamichi Imamura,335
Mateus Alves,336
Daniel Merida,337
Jakub Paul,338
Renzo Olivo,339
Dennis Novak,340
Luka Mikrut,341
Alexey Vatutin,342
Gastao Elias,343
Joao Lucas Reis Da Silva,344
Marko Topo,345
Daniel Michalski,346
Alex Marti Pujolras,347
Arthur Gea,348
Dino Prizmic,349
Justin Engel,350
Petr Bar Biryukov,351
Marco Cecchinato,352
Toby Kodat,353
Philip Sekulic,354
Nerman Fatic,355
Jack Pinnington Jones,356
Andrea Picchione,357
Jiri Vesely,358
Naoki Nakagawa,359
Cezar Cretu,360
Franco Roncadelli,361
Clement Tabur,362
Nicholas David Ionel,363
Yi Zhou,364
Marc Polmans,365
Robert Strombachs,366
Philip Henning,367
Kaichi Uchida,368
Garrett Johns,369
Giovanni Fonio,370
Federico Cina,371
Vitaliy Sachko,372
Luciano Emanuel Ambrogi,373
Jason Kubler,374
George Loffhagen,375
Pedro Sakamoto,376
Tyler Zink,377
Egor Gerasimov,378
Mats Rosenkranz,379
Gianluca Mager,380
Samuel Vincent Ruggeri,381
Gabi Adrian Boitan,382
Andre Ilagan,383
Guido Ivan Justo,384
Alexey Zakharov,385
Gabriele Pennaforti,386
Hynek Barton,387
Kris Van Wyk,388
Govind Nanda,389
Patrick Maloney,390
Matthew Dellavedova,391
Michael Vrbensky,392
Franco Agamenone,393
Ryan Nijboer,394
Moerani Bouzige,395
Alejo Lorenzo Lingua Lavallen,396
Gerard Campana Lee,397
Saba Purtseladze,398
Diego Schwartzman,399
Facundo Bagnis,400
Norbert Gombos,401
Henry Searle,402
Gonzalo Villanueva,403
Stefan Kozlov,404
Lilian Marmousez,405
Sandro Kopp,406
Zdenek Kolar,407
Nikolas Sanchez Izquierdo,408
Nicola Kuhn,409
Joris De Loore,410
Ryan Seggerman,411
Kasidit Samrej,412
Pablo Llamas Ruiz,413
Borna Gojo,414
Pedro Araujo,415
Svyatoslav Gulin,416
Arthur Fery,417
Evgeny Karlovskiy,418
Yibing Wu,419
Giles Hussey,420
Anton Matusevich,421
Daniil Glinka,422
Evgenii Tiurnev,423
Patrick Kypson,424
Adria Soriano Barrera,425
Alastair Gray,426
Miguel Damas,427
Pedro Boscardin Dias,428
Micah Braswell,429
Raul Brancaccio,430
Gabriele Piraino,431
Neil Oberleitner,432
Lukas Pokorny,433
Milos Karol,434
Hiroki Moriya,435
Tiago Pereira,436
Lucas Poullain,437
Valerio Aboian,438
Soonwoo Kwon,439
Hernan Casanova,440
Tommaso Compagnucci,441
Bor Artnak,442
Petr Nesterov,443
Stefan Popovic,444
Daniel Masur,445
Alexander Weis,446
Max Alcala Gurri,447
Jakub Nicod,448
David Jorda Sanchis,449
Tom Paris,450
Milos Raonic,451
Stefanos Sakellaridis,452
Gianluca Cadenasso,453
Michiel De Krom,454
Mukund Sasikumar,455
Alessandro Pecci,456
Tom Gentzsch,457
Kokoro Isomura,458
Nicolas Kicker,459
Alvin Nicholas Tudorica,460
Aidan McHugh,461
Stuart Parker,462
Florent Bax,463
Ajeet Rai,464
Alexandr Binda,465
Mariano Kestelboim,466
Jake Delaney,467
Maximilian Neuchrist,468
Alex Rybakov,469
Tomas Farjat,470
Laurent Lokoli,471
Marvin Moeller,472
Ernesto Escobedo,473
Vadym Ursu,474
Aleksandre Bakshi,475
Facundo Juarez,476
Moez Echargui,477
Andres Martin,478
Blake Mott,479
Egor Agafonov,480
Stefan Dostanic,481
Juan Carlos Aguilar,482
Pawel Juszczak,483
Carlos Lopez Montagud,484
Federico Iannaccone,485
Kyle Edmund,486
Viacheslav Bielinskyi,487
Leo Borg,488
Peter Bertran,489
Iliyan Radulov,490
Altug Celikbilek,491
Michael Agwi,492
Fabrizio Andaloro,493
Mirza Basic,494
Kiranpal Pannu,495
Dan Added,496
Max Wiskandt,497
Alfredo Perez,498
Takuya Kumasaka,499
Lucas Bouquet,500
Andrew Paulson,501
Inaki Montes-De La Torre,502
Felix Corwin,503
Alafia Ayeni,504
Jules Marie,505
Federico Bondioli,506
Jenson Brooksby,507
Roberto Cid Subervi,508
Martin Krumich,509
Eric Vanshelboim,510
Mohamed Safwat,511
Jose Pereira,512
Peter Fajta,513
Alex Hernandez,514
Yusuke Takahashi,515
Tibo Colson,516
Harry Wendelken,517
Hyeon Chung,518
Bruno Kuzuhara,519
Woobin Shin,520
Yurii Dzhavakian,521
Lucas Gerch,522
Andrej Nedic,523
Kirill Kivattsev,524
Riccardo Bonadio,525
Lorenzo Joaquin Rodriguez,526
Keegan Smith,527
Joao Eduardo Schiessl,528
Bogdan Bobrov,529
Rigele Te,530
Duarte Vale,531
Cannon Kingsley,532
Emile Hudd,533
Karan Singh,534
Oleksii Krutykh,535
Kilian Feldbausch,536
Mae Malige,537
Dane Sweeny,538
Alberto Barroso Campos,539
Antoine Cornut-Chauvinc,540
Omni Kumar,541
Julio Cesar Porras,542
Andrea Guerrieri,543
Hikaru Shiraishi,544
Ye Cong Mo,545
Dan Alexandru Tomescu,546
Marcello Serafini,547
Mathias Bourgue,548
Diego Dedura-Palomero,549
Christian Sigsgaard,550
Arthur Weber,551
Arthur Reymond,552
Aryan Shah,553
Stijn Slump,554
Sergey Fomin,555
Joao Domingues,556
Hazem Naw,557
Dominik Kellovsky,558
Ramkumar Ramanathan,559
Illya Marchenko,560
Alex Martinez,561
Stefan Palosi,562
Giovanni Oradini,563
Branko Djuric,564
Juan Estevez,565
Denis Kudla,566
Orlando Luz,567
Damien Wenger,568
Nikolay Vylegzhanin,569
Erik Arutiunian,570
Shintaro Imai,571
Alex Barrena,572
Florian Broska,573
Cem Ilkel,574
Benoit Paire,575
Sebastian Fanselow,576
Niels Visker,577
Loann Massard,578
Eero Vasa,579
Vladyslav Orlov,580
Steven Diez,581
Keisuke Saitoh,582
Juan Manuel La Serna,583
Yanaki Milev,584
Alec Beckley,585
Gianmarco Ferrari,586
Jacob Bradshaw,587
Max Basing,588
Eduardo Ribeiro,589
Louis Dussin,590
Yanki Erel,591
Olaf Pieczkowski,592
Diego Augusto Barreto Sanchez,593
Antoine Ghibaudo,594
Ilya Snitari,595
Tristan Lamasine,596
Juan Pablo Paz,597
Leonardo Aboian,598
Alex Knaff,599
Filip Peliwo,600