Jannick Sinner,1
Alexander Zverev,2
Carlos Alcaraz,3
Taylor Fritz,4
Casper Ruud,5
Daniil Medvedev,6
Novak Djokovic,7
Andrey Rublev,8
Stefanos Tsitsipas,9
Alex de Minaur,10
Tommy Paul,11
Ben Shelton,12
Holger Rune,13
Jack Draper,14
Grigor Dimitrov,15
Lorenzo Musetti,16
Frances Tiafoe,17
Felix Auger-Aliassime,18
Ugo Humbert,19
Tomas Machac,20
Arthur Fils,21
Hubert Hurkacz,22
Karen Khachanov,23
Jiri Lehecka,24
Sebastian Korda,25
Francisco Cerundolo,26
Alexei Popyrin,27
Denis Shapovalov,28
Matteo Berrettini,29
Giovanni Mpetshi Perricard,30
Alejandro Tabilo,31
Alex Michelsen,32
Brandon Nakashima,33
Sebastian Baez,34
Matteo Arnaldi,35
Nuno Borges,36
Lorenzo Sonego,37
Jordan Thompson,38
Alejandro Davidovich Fokina,39
Flavio Cobolli,40
Pedro Martinez,41
Gael Monfils,42
Tallon Griekspoor,43
Alexandre Muller,44
Tomas Martin Etcheverry,45
Jan-Lennard Struff,46
Nicolas Jarry,47
Marcos Giron,48
Miomir Kecmanovic,49
Roberto Bautista Agut,50
Zhizhen Zhang,51
Roberto Carballes Baena,52
Zizou Bergs,53
Fabian Marozsan,54
Juncheng Shang,55
David Goffin,56
Jakub Mensik,57
Jaume Munar,58
Quentin Halys,59
Luciano Darderi,60
Camilo Ugo Carabelli,61
Benjamin Bonzi,62
Mariano Navone,63
Aleksandar Vukic,64
Yoshihito Nishioka,65
Francisco Comesana,66
Luca Nardi,67
Learner Tien,68
Roman Safiullin,69
Mattia Bellucci,70
Yunchaokete Bu,71
Hamad Medjedovic,72
Arthur Rinderknech,73
Christopher O'Connell,74
Kei Nishikori,75
Cameron Norrie,76
Daniel Altmaier,77
Corentin Moutet,78
Joao Fonseca,79
Jacob Fearnley,80
Alexander Bublik,81
Rinky Hijikata,82
Laslo Djere,83
Damir Dzumhur,84
Botic van de Zandschulp,85
Thanasi Kokkinakis,86
Jaime Faria,87
Gabriel Diallo,88
Marton Fucsovics,89
Francesco Passaro,90
Thiago Seyboth Wild,91
Raphael Collignon,92
Hugo Gaston,93
Aleksandar Kovacevic,94
Fabio Fognini,95
Adam Walton,96
James Duckworth,97
Alexander Shevchenko,98
Lucas Pouille,99
Chun-Hsin Tseng,100
